시군명,관서명,지방청명,경찰서명,구분명,소재지우편번호,소재지지번주소,소재지도로명주소,WGS84위도,WGS84경도
가평군,조종,경기북부청,가평,파출소,12437,경기도 가평군 조종면 현리 267-5번지,경기도 가평군 조종면 현창로 43,37.8186465785,127.3478687608
가평군,청평,경기북부청,가평,파출소,12452,경기도 가평군 청평면 청평리 462-3번지,경기도 가평군 청평면 청평중앙로 33,37.7372984856,127.4182253678
가평군,읍내,경기북부청,가평,파출소,12419,경기도 가평군 가평읍 대곡리 213-4번지,경기도 가평군 가평읍 가화로 38,37.8233490420,127.5161575604
가평군,북면,경기북부청,가평,파출소,12403,경기도 가평군 북면 목동리 848번지,경기도 가평군 북면 화악산로 6,37.8856134660,127.5499072426
가평군,설악,경기북부청,가평,파출소,12467,경기도 가평군 설악면 신천리 434-4번지,경기도 가평군 설악면 신천중앙로 115,37.6776391829,127.4906672429
가평군,상면,경기북부청,가평,파출소,12444,경기도 가평군 상면 연하리 171-31번지,경기도 가평군 상면 청군로 1101,37.8047890104,127.3573425438
고양시,주엽,경기북부청,일산서부,지구대,10386,경기도 고양시 일산서구 주엽동 70번지,경기도 고양시 일산서구 강성로 107,37.6699087384,126.7634854693
고양시,행신,경기북부청,고양,지구대,10518,경기도 고양시 덕양구 행신동 991번지,경기도 고양시 덕양구 중앙로 541-18,37.6220205262,126.8357030056
고양시,고양,경기북부청,고양,파출소,10275,경기도 고양시 덕양구 고양동 444-3번지,경기도 고양시 덕양구 벽제관로 3,37.7033196772,126.9038870840
고양시,대화,경기북부청,일산서부,지구대,10368,경기도 고양시 일산서구 대화동 2036번지,경기도 고양시 일산서구 일산로 670,37.6827110187,126.7545678903
고양시,중산,경기북부청,일산동부,파출소,10333,경기도 고양시 일산동구 중산동 1573-5번지,경기도 고양시 일산동구 중산로 220,37.6915109899,126.7804340717
고양시,신도,경기북부청,고양,파출소,10590,경기도 고양시 덕양구 삼송동 30-27번지,경기도 고양시 덕양구 신도길 6,37.6528298230,126.8939480552
고양시,관산,경기북부청,고양,파출소,10286,경기도 고양시 덕양구 관산동 231-17번지,경기도 고양시 덕양구 통일로 782,37.6881520972,126.8638412277
고양시,원당,경기북부청,고양,지구대,10465,경기도 고양시 덕양구 성사동 408-5번지,경기도 고양시 덕양구 호국로790번길 105,37.6542114073,126.8415915642
고양시,화정,경기북부청,고양,지구대,10498,경기도 고양시 덕양구 화정동 960번지,경기도 고양시 덕양구 은빛로 80,37.6370230919,126.8366777249
고양시,탄현,경기북부청,일산서부,지구대,10244,경기도 고양시 일산서구 탄현동 1488번지,경기도 고양시 일산서구 현중로36번길 1,37.6940994197,126.7678749635
고양시,풍사,경기북부청,일산동부,파출소,10306,경기도 고양시 일산동구 풍동 1271번지,경기도 고양시 일산동구 숲속마을로 54,37.6674589117,126.7973484052
고양시,백석,경기북부청,일산동부,지구대,10447,경기도 고양시 일산동구 백석동 1338번지,경기도 고양시 일산동구 장백로 76,37.6439939598,126.7852100471
고양시,마두,경기북부청,일산동부,지구대,10422,경기도 고양시 일산동구 장항동 899번지,경기도 고양시 일산동구 노루목로 116,37.6499638569,126.7785183840
고양시,행신3,경기북부청,고양,파출소,10494,경기도 고양시 덕양구 행신동 931번지,경기도 고양시 덕양구 중앙로558번길 90,37.6266918932,126.8387850751
고양시,화전,경기북부청,고양,파출소,10540,경기도 고양시 덕양구 화전동 544-19번지,경기도 고양시 덕양구 중앙로 219,37.6058600022,126.8659763853
고양시,가좌,경기북부청,일산서부,파출소,10208,경기도 고양시 일산서구 가좌동 134-7번지,경기도 고양시 일산서구 가좌로 24,37.6912358754,126.7231565873
과천시,과천,경기남부청,과천,지구대,13803,경기도 과천시 중앙동 68번지,경기도 과천시 관문로 136,37.4330750553,126.9933910270
과천시,별양,경기남부청,과천,지구대,13834,경기도 과천시 별양동 11번지,경기도 과천시 별양로 58,37.4240199815,126.9936181183
광명시,철산,경기남부청,광명,지구대,14232,경기도 광명시 철산동 241-3번지 철산지구대,경기도 광명시 철산로29번길 16,37.4779323664,126.8689234163
광명시,소하,경기남부청,광명,지구대,14317,경기도 광명시 소하동 1310번지 소하지구대,경기도 광명시 금하로 500,37.4498234909,126.8882082601
광명시,광명,경기남부청,광명,파출소,14286,경기도 광명시 광명동 158-834번지 광명파출소,경기도 광명시 오리로991번길 6,37.4792374062,126.8527652958
광명시,하안,경기남부청,광명,지구대,14248,경기도 광명시 하안동 650-5번지 하안지구대,경기도 광명시 범안로 1027,37.4614623202,126.8772944079
광명시,광남,경기남부청,광명,지구대,14281,경기도 광명시 광명동 752-4번지 광남지구대,경기도 광명시 광명로 772,37.4688524497,126.8485131162
광주시,도척,경기남부청,광주,파출소,12815,경기도 광주시 도척면 노곡리 283-8번지,경기도 광주시 도척면 도척로 603,37.3000986530,127.3313315307
광주시,태전,경기남부청,광주,파출소,12784,경기도 광주시 태전동 232-1번지,경기도 광주시 태봉로 46,37.3893939003,127.2294252470
광주시,퇴촌,경기남부청,광주,파출소,12711,경기도 광주시 퇴촌면 광동리 237-2번지,경기도 광주시 퇴촌면 광동로 45,37.4707222958,127.3078061495
광주시,오포동부,경기남부청,광주,파출소,12790,경기도 광주시 오포읍 추자리 105-7번지,경기도 광주시 오포읍 오포로 869,37.3677298375,127.2313921012
광주시,경안,경기남부청,광주,지구대,12755,경기도 광주시 경안동 72-2번지,경기도 광주시 중앙로 137,37.4116387195,127.2565561790
광주시,오포서부,경기남부청,광주,파출소,12773,경기도 광주시 오포읍 능평리 133번지,경기도 광주시 오포읍 오포로171번길 3,37.3469553565,127.1827325273
광주시,곤지암,경기남부청,광주,파출소,12804,경기도 광주시 곤지암읍 곤지암리 430-5번지,경기도 광주시 곤지암읍 곤지암로 38,37.3496497920,127.3425851161
광주시,남한산성,경기남부청,광주,파출소,12700,경기도 광주시 남한산성면 산성리 401-2번지,경기도 광주시 남한산성면 남한산성로 757,37.4776859594,127.1861769240
광주시,초월,경기남부청,광주,파출소,12735,경기도 광주시 초월읍 대쌍령리 211-6번지,경기도 광주시 초월읍 경충대로 1243,37.3856983154,127.2883674794
구리시,인창,경기북부청,구리,지구대,11921,경기도 구리시 인창동 671-2번지,경기도 구리시 건원대로34번길 31,37.6053626364,127.1413720375
구리시,수택,경기북부청,구리,파출소,11931,경기도 구리시 수택동 493-5번지,경기도 구리시 검배로71번길 12-5,37.5963910328,127.1471190019
구리시,토평,경기북부청,구리,지구대,11940,경기도 구리시 수택동 851-3번지,경기도 구리시 체육관로74번길 55,37.5912535866,127.1411534085
구리시,교문,경기북부청,구리,지구대,11934,경기도 구리시 교문동 736-3번지,경기도 구리시 안골로 40,37.5968371508,127.1354793765
군포시,군포,경기남부청,군포,지구대,15860,경기도 군포시 당동 775-18번지,경기도 군포시 군포로 511,37.3520872906,126.9445077941
군포시,산본,경기남부청,군포,지구대,15820,경기도 군포시 산본동 1105-4번지,경기도 군포시 수리산로203번길 51,37.3677547298,126.9265688510
군포시,송부,경기남부청,군포,파출소,15880,경기도 군포시 부곡동 1111-1,경기도 군포시 번영로 6-4,37.3227026721,126.9397920167
군포시,금정,경기남부청,군포,파출소,15812,경기도 군포시 금정동 904번지,경기도 군포시 군포로683번길 31,37.3655571984,126.9439780848
군포시,대야,경기남부청,군포,파출소,15887,경기도 군포시 대야미동 654-1번지,경기도 군포시 대야1로24번길 4,37.3277523629,126.9174250211
김포시,김포T,경기남부청,김포,파출소,10135,경기도 김포시 고촌읍 전호리 68-10번지,경기도 김포시 고촌읍 아라육로152번길 56,37.5961968860,126.7849643589
김포시,하성,경기남부청,김포,파출소,10011,경기도 김포시 하성면 마곡리 623-1번지,경기도 김포시 하성면 애기봉로 847,37.7197330137,126.6317004290
김포시,대곶,경기남부청,김포,파출소,10039,경기도 김포시 대곶면 율생리 451-1번지,경기도 김포시 대곶면 율생로 72,37.6507939257,126.5839753445
김포시,풍무,경기남부청,김포,파출소,10113,경기도 김포시 풍무동 154-6(풍무2지구),,37.6069976312,126.7279343712
김포시,사우,경기남부청,김포,지구대,10108,경기도 김포시 사우동 246번지,경기도 김포시 사우중로 35-5,37.6184156702,126.7176869971
김포시,장기,경기남부청,김포,파출소,10080,경기도 김포시 장기동 1326번지,경기도 김포시 청송로 36,37.6483496791,126.6677265765
김포시,고촌,경기남부청,김포,파출소,10129,경기도 김포시 고촌읍 신곡리 1076번지,경기도 김포시 고촌읍 김포대로 347,37.6013569277,126.7694919112
김포시,통진,경기남부청,김포,파출소,10019,경기도 김포시 통진읍 마송리 111-19번지,경기도 김포시 통진읍 조강로 83,37.6921504577,126.5975636374
김포시,월곶,경기남부청,김포,파출소,10024,경기도 김포시 월곶면 군하리 214번지,경기도 김포시 월곶면 군하로276번길 13,37.7165364032,126.5520873101
김포시,양촌,경기남부청,김포,파출소,10057,경기도 김포시 양촌읍 양곡리 449-8번지,경기도 김포시 양촌읍 양곡1로68번길 3,37.6566844626,126.6233905127
남양주시,진접,경기북부청,남양주,파출소,12006,경기도 남양주시 진접읍 장현리 351-34번지,경기도 남양주시 진접읍 장현로 113,37.7199620661,127.1839479769
남양주시,조안,경기북부청,남양주,파출소,12282,경기도 남양주시 조안면 조안리 192-14번지,경기도 남양주시 조안면 북한강로 131,37.5367966186,127.3024178118
남양주시,다산,경기북부청,남양주,파출소,12259,경기도 남양주시 경춘로 경춘로439-1,,,
남양주시,와부,경기북부청,남양주,파출소,12210,경기도 남양주시 와부읍 덕소리 462-18번지,경기도 남양주시 와부읍 덕소로 63,37.5872609305,127.2098364440
남양주시,호평,경기북부청,남양주,파출소,12151,경기도 남양주시 호평동 670번지,경기도 남양주시 호평로68번길 11,37.6550573120,127.2483841153
남양주시,평내,경기북부청,남양주,파출소,12217,경기도 남양주시 평내동 438-12번지,경기도 남양주시 경춘로 1211,37.6449139882,127.2295870784
남양주시,금곡,경기북부청,남양주,파출소,12237,경기도 남양주시 금곡동 420-1번지,경기도 남양주시 금곡로 57,37.6342205531,127.2093661557
남양주시,청학,경기북부청,남양주,파출소,12083,경기도 남양주시 별내면 청학리 412-1번지,경기도 남양주시 별내면 청학로68번길 8,37.7079072397,127.1197551977
남양주시,화도,경기북부청,남양주,지구대,12184,경기도 남양주시 화도읍 창현리 736-3번지,경기도 남양주시 화도읍 창현로 8,37.6502208832,127.3057736014
남양주시,별내,경기북부청,남양주,파출소,12105,경기도 남양주시 별내동 937번지,경기도 남양주시 두물로 11,37.6555277391,127.1260644986
남양주시,퇴계원,경기북부청,남양주,파출소,12119,경기도 남양주시 퇴계원면 퇴계원리 266-9번지,경기도 남양주시 퇴계원면 퇴계원로 58-7,37.6516622828,127.1425118154
남양주시,진건,경기북부청,남양주,파출소,12139,경기도 남양주시 진건읍 사능리 600-8번지,경기도 남양주시 진건읍 진건오남로 5,37.6513346821,127.1786479837
남양주시,해밀,경기북부청,남양주,파출소,12053,경기도 남양주시 진접읍 금곡리 1012번지,경기도 남양주시 진접읍 해밀예당1로 251,37.7220727126,127.2046644434
남양주시,수동,경기북부청,남양주,파출소,12029,경기도 남양주시 수동면 입석리 341-3번지,경기도 남양주시 수동면 비룡로 808,37.7095516113,127.3219596761
남양주시,오남,경기북부청,남양주,파출소,12049,경기도 남양주시 오남읍 오남리 259-2번지,경기도 남양주시 오남읍 진건오남로 595-14,37.6867723508,127.2102826664
동두천시,광암,경기북부청,동두천,파출소,11321,경기도 동두천시 광암동 495번지,경기도 동두천시 광암로 10,37.8947221818,127.0830099914
동두천시,중앙,경기북부청,동두천,파출소,11310,경기도 동두천시 보산동 405번지,경기도 동두천시 중앙로 393,37.9131863127,127.0607072641
동두천시,생연,경기북부청,동두천,파출소,11331,경기도 동두천시 생연동 814-7번지,경기도 동두천시 생연로 99,37.9014698989,127.0502036345
동두천시,소요,경기북부청,동두천,파출소,11307,경기도 동두천시 동두천동 252-3번지,경기도 동두천시 평화로 2695,37.9285221508,127.0563971075
동두천시,송내,경기북부청,동두천,지구대,11347,경기도 동두천시 지행동 691-7번지,경기도 동두천시 중앙로 157,37.8955500383,127.0520075226
부천시,계남,경기남부청,부천원미,지구대,14581,경기도 부천시 중동 1184-1번지,경기도 부천시 조마루로 252,37.4977298285,126.7715449848
부천시,약대,경기남부청,부천원미,파출소,14516,경기도 부천시 약대동 97-1번지,경기도 부천시 중동로388번길 6,37.5142876430,126.7703288612
부천시,원종,경기남부청,부천오정,지구대,14419,경기도 부천시 원종동 233-11번지,경기도 부천시 소사로 778,37.5254782363,126.8051256991
부천시,성곡,경기남부청,부천오정,파출소,14462,경기도 부천시 여월동 8-36번지,경기도 부천시 삼작로352번길 42,37.5179023249,126.8006324112
부천시,고강,경기남부청,부천오정,파출소,14403,경기도 부천시 고강동 276-1번지,경기도 부천시 역곡로 519,37.5308653738,126.8157121723
부천시,내동,경기남부청,부천오정,지구대,14451,경기도 부천시 삼정동 196번지,경기도 부천시 신흥로 411,37.5203690699,126.7748234169
부천시,소사,경기남부청,부천소사,지구대,14690,경기도 부천시 소사본동 51번지,경기도 부천시 경인로 363,37.4823771959,126.7959909379
부천시,원미,경기남부청,부천원미,지구대,14567,경기도 부천시 원미동 57번지,경기도 부천시 원미로149번길 4,37.4962879242,126.7905698562
부천시,중앙,경기남부청,부천원미,지구대,14631,경기도 부천시 심곡동 428-2번지,경기도 부천시 장말로 337,37.4909248689,126.7796281554
부천시,범박,경기남부청,부천소사,지구대,14783,경기도 부천시 범박동 156번지,경기도 부천시 범안로 131,37.4700472259,126.8093752657
부천시,송내,경기남부청,부천소사,지구대,14734,경기도 부천시 송내동 611-2번지,경기도 부천시 성주로 147,37.4793785003,126.7725173274
부천시,상동,경기남부청,부천원미,지구대,14597,경기도 부천시 상동 396-3번지,경기도 부천시 상일로 99,37.4916741194,126.7533246341
부천시,중동,경기남부청,부천원미,지구대,14537,경기도 부천시 중동 1032-1번지,경기도 부천시 석천로 203-16,37.5057035496,126.7624952938
부천시,역곡,경기남부청,부천원미,지구대,14672,경기도 부천시 역곡동 53-11번지,경기도 부천시 부일로711번길 29,37.4861275241,126.8078752352
성남시,금곡,경기남부청,분당,지구대,13615,경기도 성남시 분당구 금곡동 173번지,경기도 성남시 분당구 성남대로171번길 12,37.3515060292,127.1072706901
성남시,상대원2,경기남부청,성남중원,파출소,13394,경기도 성남시 중원구 상대원동 3154-1번지,경기도 성남시 중원구 희망로 373,37.4390817984,127.1585116771
성남시,대원,경기남부청,성남중원,파출소,13228,경기도 성남시 중원구 상대원동 1437번지,경기도 성남시 중원구 둔촌대로 439,37.4328912007,127.1657300194
성남시,금광,경기남부청,성남중원,지구대,13187,경기도 성남시 중원구 금광동 1944번지,경기도 성남시 중원구 금빛로 33,37.4449705394,127.1679597911
성남시,복정,경기남부청,성남수정,파출소,13119,경기도 성남시 수정구 복정동 695번지,경기도 성남시 수정구 복정로 36,37.4561024684,127.1274546414
성남시,신흥,경기남부청,성남수정,지구대,13352,경기도 성남시 수정구 신흥동 3775번지,경기도 성남시 수정구 시민로 150,37.4414696918,127.1439622518
성남시,수내,경기남부청,분당,파출소,13600,경기도 성남시 분당구 수내동 85번지,경기도 성남시 분당구 불정로 253,37.3665888242,127.1261889334
성남시,구미,경기남부청,분당,파출소,13623,경기도 성남시 분당구 구미동 223번지,경기도 성남시 분당구 구미로 107,37.3393387802,127.1206261760
성남시,동판교,경기남부청,분당,파출소,13490,경기도 성남시 분당구 삼평동 716번지,경기도 성남시 분당구 동판교로266번길 24,37.4064419245,127.1157388251
성남시,서판교,경기남부청,분당,파출소,13466,경기도 성남시 분당구 운중동 938번지,경기도 성남시 분당구 운중로146번길 6,37.3907486998,127.0789699411
성남시,서현,경기남부청,분당,지구대,13588,경기도 성남시 분당구 서현동 89-5번지,경기도 성남시 분당구 중앙공원로31번길 30,37.3821673880,127.1261241051
성남시,야탑,경기남부청,분당,지구대,13520,경기도 성남시 분당구 야탑동 505번지,경기도 성남시 분당구 야탑로 76,37.4095839102,127.1272420406
성남시,도촌,경기남부청,성남중원,파출소,13420,경기도 성남시 중원구 도촌동 631번지,경기도 성남시 중원구 도촌북로 43,37.4175529706,127.1545472780
성남시,은행,경기남부청,성남중원,파출소,13156,경기도 성남시 중원구 은행동 1417-1번지,경기도 성남시 중원구 은행로25번길 14,37.4554708512,127.1653155733
성남시,성호,경기남부청,성남중원,지구대,13357,경기도 성남시 중원구 성남동 2199번지,경기도 성남시 중원구 산성대로 190-6,37.4360233743,127.1399295286
성남시,수진1,경기남부청,성남수정,파출소,13332,경기도 성남시 수정구 수진동 1921번지,경기도 성남시 수정구 탄리로 21,37.4384125633,127.1386005416
성남시,태평4,경기남부청,성남수정,파출소,13279,경기도 성남시 수정구 태평동 7290번지,경기도 성남시 수정구 남문로 128,37.4478253899,127.1408777288
성남시,중앙,경기남부청,성남수정,파출소,13292,경기도 성남시 수정구 태평동 3498-2번지,경기도 성남시 수정구 수정로 145,37.4423887625,127.1361555967
성남시,단대,경기남부청,성남수정,파출소,13144,경기도 성남시 수정구 단대동 101-4번지,경기도 성남시 수정구 단대로 15,37.4522458133,127.1582111975
성남시,산성,경기남부청,성남수정,파출소,13123,경기도 성남시 수정구 산성동 670번지,경기도 성남시 수정구 수정남로 317,37.4561630448,127.1528733635
성남시,고등,경기남부청,성남수정,파출소,13106,경기도 성남시 수정구 시흥동 191번지,경기도 성남시 수정구 대왕판교로 942,37.4241940001,127.1032366602
성남시,수진,경기남부청,성남수정,지구대,13352,경기도 성남시 수정구 신흥동 3775번지,경기도 성남시 수정구 시민로 150,37.4414696918,127.1439622518
수원시,영통,경기남부청,수원남부,지구대,16709,경기도 수원시 영통구 영통동 1046-2번지,경기도 수원시 영통구 청명로 92,37.2547674956,127.0777734212
수원시,장안문,경기남부청,수원중부,지구대,16308,경기도 수원시 장안구 조원동 680-6번지,경기도 수원시 장안구 송정로 113,37.2956796251,127.0095022415
수원시,권선,경기남부청,수원남부,파출소,16571,경기도 수원시 권선구 권선동 1013-23번지,경기도 수원시 권선구 권선로699번길 24-23,37.2597708797,127.0295083003
수원시,노송,경기남부청,수원중부,지구대,16347,경기도 수원시 장안구 파장동 566-14번지,경기도 수원시 장안구 이목로 58,37.3103114869,126.9879468137
수원시,화서문,경기남부청,수원중부,지구대,16435,경기도 수원시 팔달구 화서동 647-1번지,경기도 수원시 팔달구 수성로182번길 3,37.2867051948,126.9931162592
수원시,율천,경기남부청,수원중부,파출소,16417,경기도 수원시 장안구 율전동 497-7번지,경기도 수원시 장안구 서부로 2124,37.2979012089,126.9716180367
수원시,창룡문,경기남부청,수원중부,파출소,16221,경기도 수원시 장안구 연무동 254-11번지,경기도 수원시 장안구 경수대로 758,37.2910109750,127.0218957472
수원시,매탄,경기남부청,수원남부,지구대,16488,경기도 수원시 팔달구 인계동 1117-1번지,경기도 수원시 팔달구 동수원로 403,37.2650751471,127.0399156797
수원시,곡선,경기남부청,수원남부,지구대,16558,경기도 수원시 권선구 권선동 1268번지,경기도 수원시 권선구 권중로 77,37.2517966723,127.0298887294
수원시,인계,경기남부청,수원남부,파출소,16484,경기도 수원시 팔달구 인계동 930-1번지,경기도 수원시 팔달구 장다리로 312,37.2756555916,127.0313404671
수원시,세류,경기남부청,수원남부,파출소,16660,경기도 수원시 권선구 세류동 1167-33번지,경기도 수원시 권선구 정조로 370,37.2426536298,127.0152566986
수원시,광교,경기남부청,수원남부,파출소,16509,경기도 수원시 영통구 이의동 1347-6번지,경기도 수원시 영통구 에듀타운로 82,37.2885442553,127.0476068657
수원시,태장,경기남부청,수원남부,파출소,16688,경기도 수원시 영통구 망포동 396-1번지,경기도 수원시 영통구 영통로 143,37.2402729332,127.0553658250
수원시,매산,경기남부청,수원서부,지구대,16622,경기도 수원시 팔달구 매산로1가 18번지,경기도 수원시 팔달구 덕영대로 924,37.2660720289,126.9998380678
수원시,고등,경기남부청,수원서부,파출소,16454,경기도 수원시 팔달구 고등동 105-25번지,경기도 수원시 팔달구 고등로 50,37.2730189977,127.0024535325
수원시,서호,경기남부청,수원서부,지구대,16406,경기도 수원시 권선구 구운동 938번지,경기도 수원시 권선구 구운로73번길 18-13,37.2806825297,126.9713094363
수원시,당수,경기남부청,수원서부,파출소,16375,경기도 수원시 권선구 당수동 159-1번지,경기도 수원시 권선구 당진로32번길 28-4,37.2916815114,126.9417915015
수원시,산남,경기남부청,수원남부,지구대,16527,경기도 수원시 영통구 매탄동 1213-2번지,경기도 수원시 영통구 매영로 93-18,37.2686023677,127.0529953667
수원시,동부,경기남부청,수원중부,파출소,16249,경기도 수원시 팔달구 지동 480-6번지,경기도 수원시 팔달구 경수대로 621,37.2808459175,127.0295833754
수원시,행궁,경기남부청,수원중부,파출소,16256,경기도 수원시 팔달구 남수동 11-841번지,경기도 수원시 팔달구 창룡대로 48,37.2829288659,127.0213073502
수원시,고색,경기남부청,수원서부,파출소,16649,경기도 수원시 권선구 고색동 146-7번지,경기도 수원시 권선구 매송고색로 750,37.2519607642,126.9862337864
수원시,호매실,경기남부청,수원서부,파출소,16397,경기도 수원시 권선구 금곡동 1119-1번지,경기도 수원시 권선구 금곡로 190,37.2730979637,126.9515366509
수원시,유천,경기남부청,수원서부,파출소,16464,경기도 수원시 팔달구 매교동 77-63번지,경기도 수원시 팔달구 매산로116번길 50,37.2690449103,127.0143365311
시흥시,매화,경기남부청,시흥,파출소,14940,경기도 시흥시 매화동 202-1번지,경기도 시흥시 매화로 36,37.4163293530,126.8148227619
시흥시,옥구,경기남부청,시흥,지구대,15038,경기도 시흥시 정왕동 1849-7번지,경기도 시흥시 정왕대로118번길 1,37.3511350154,126.7286106143
시흥시,정왕,경기남부청,시흥,지구대,15055,경기도 시흥시 정왕동 1800-10번지,경기도 시흥시 정왕신길로 216,37.3486673334,126.7410229394
시흥시,은행,경기남부청,시흥,파출소,14916,경기도 시흥시 은행동 541-1번지,경기도 시흥시 은행로 148,37.4441816574,126.7998817786
시흥시,신천,경기남부청,시흥,파출소,14950,경기도 시흥시 신천동 772-24번지,경기도 시흥시 신천로100번안길 15,37.4375179950,126.7867473088
시흥시,장곡,경기남부청,시흥,지구대,15002,경기도 시흥시 장곡동 793-3번지,경기도 시흥시 장곡로54번길 25-14,37.3818888660,126.7813067185
시흥시,군자,경기남부청,시흥,파출소,15068,경기도 시흥시 거모동 1757-6번지,경기도 시흥시 군자로 513,37.3442249473,126.7852995995
시흥시,대야,경기남부청,시흥,파출소,14909,경기도 시흥시 대야동 494번지,경기도 시흥시 호현로 42,37.4442639870,126.7853831598
시흥시,시화,경기남부청,시흥,파출소,15063,경기도 시흥시 정왕동 1785-4번지,경기도 시흥시 중심상가로 271,37.3400322370,126.7435807039
시흥시,능곡,경기남부청,시흥,파출소,14992,경기도 시흥시 능곡동 613번지,경기도 시흥시 장현능곡로 211,37.3690246931,126.8137442543
안산시,와동,경기남부청,안산단원,파출소,15335,경기도 안산시 단원구 고잔동 515번지,경기도 안산시 단원구 화랑로 397,37.3220367740,126.8315185050
안산시,선부,경기남부청,안산단원,파출소,15245,경기도 안산시 단원구 와동 79-2번지,경기도 안산시 단원구 선부로 323,37.3433330752,126.8289422289
안산시,선부3,경기남부청,안산단원,파출소,15220,경기도 안산시 단원구 선부동 703-3번지,경기도 안산시 단원구 선여불로 19,37.3439783575,126.8038872707
안산시,원선,경기남부청,안산단원,파출소,15375,경기도 안산시 단원구 원곡동 753번지,경기도 안산시 단원구 원곡공원로 30,37.3325553594,126.7945181365
안산시,공단,경기남부청,안산단원,파출소,15645,경기도 안산시 단원구 대부북동 294-6번지,경기도 안산시 단원구 대부중앙로 67,37.2449536754,126.5825241375
안산시,본오,경기남부청,안산상록,지구대,15532,경기도 안산시 상록구 본오동 877-3번지,경기도 안산시 상록구 상록수로 12,37.3025958394,126.8611027590
안산시,일동,경기남부청,안산상록,파출소,15323,경기도 안산시 상록구 일동 600-6번지,경기도 안산시 상록구 호동로 118,37.3125920254,126.8643553807
안산시,수암,경기남부청,안산상록,파출소,15202,경기도 안산시 상록구 수암동 502번지,경기도 안산시 상록구 수인로 2026,37.3639184263,126.8763734738
안산시,부곡,경기남부청,안산상록,파출소,15306,경기도 안산시 상록구 부곡동 671-11번지,경기도 안산시 상록구 성호로 324,37.3315362560,126.8608001550
안산시,호수,경기남부청,안산단원,지구대,15335,경기도 안산시 단원구 고잔동 514번지,경기도 안산시 단원구 화랑로 373,37.3216184207,126.8288569017
안산시,고잔,경기남부청,안산단원,파출소,15473,경기도 안산시 단원구 고잔동 712-3번지,경기도 안산시 단원구 광덕2로 127,37.3101693081,126.8247208649
안산시,선부2,경기남부청,안산단원,파출소,15367,경기도 안산시 단원구 선부동 1072-5번지,경기도 안산시 단원구 선부광장1로 150,37.3319224126,126.8091095027
안산시,원곡,경기남부청,안산단원,파출소,15212,경기도 안산시 단원구 선부동 1135번지,경기도 안산시 단원구 선삼로2길 14-20,37.3448666907,126.8126086013
안산시,대부,경기남부청,안산단원,파출소,15380,경기도 안산시 단원구 원곡동 821-3번지,경기도 안산시 단원구 원선로 33,37.3280009302,126.7972160565
안산시,신길,경기남부청,안산단원,파출소,15433,경기도 안산시 단원구 원시동 773-6번지,경기도 안산시 단원구 동산로 29,37.3128119822,126.7933543238
안산시,사동,경기남부청,안산상록,지구대,15582,경기도 안산시 상록구 사동 1304-1번지,경기도 안산시 상록구 석호로 175,37.2967630108,126.8512451982
안산시,반월,경기남부청,안산상록,파출소,15520,경기도 안산시 상록구 건건동 47,,37.3190938656,126.9061193430
안산시,본오1,경기남부청,안산상록,파출소,15575,경기도 안산시 상록구 본오동 1153-1번지,경기도 안산시 상록구 샘골로 11,37.2848124221,126.8634590897
안산시,월피,경기남부청,안산상록,파출소,15259,경기도 안산시 상록구 월피동 512-3번지,경기도 안산시 상록구 안산천서로 215,37.3330587229,126.8463202764
안산시,성포,경기남부청,안산상록,파출소,,경기도 안산시 상록구 예술광장1로 78,,,
안산시,팔곡,경기남부청,안산상록,파출소,15526,경기도 안산시 상록구 팔곡일동 681-1번지,경기도 안산시 상록구 소학길 8,37.2975063677,126.8871541584
안성시,공도,경기남부청,안성,지구대,17560,경기도 안성시 공도읍 만정리 793-2번지,경기도 안성시 공도읍 공도4로 4,37.0006636883,127.1726677761
안성시,내리,경기남부청,안성,파출소,17546,경기도 안성시 대덕면 내리 676-1번지,경기도 안성시 대덕면 대학6길 34,37.0036658055,127.2261523213
안성시,죽산,경기남부청,안성,파출소,17519,경기도 안성시 죽산면 죽산리 432-7번지,경기도 안성시 죽산면 죽주로 241,37.0748511138,127.4219729571
안성시,보개,경기남부청,안성,파출소,17509,경기도 안성시 보개면 불현리 42-9번지,경기도 안성시 보개면 보개원삼로 220-1,37.0224688909,127.2900144310
안성시,양성,경기남부청,안성,파출소,17502,경기도 안성시 양성면 동항리 291-3번지,경기도 안성시 양성면 장터길 35,37.0586847541,127.1952716274
안성시,대덕,경기남부청,안성,파출소,17545,경기도 안성시 대덕면 건지리 420-4번지,경기도 안성시 대덕면 중앙로 78,37.0125826239,127.2374370245
안성시,금광,경기남부청,안성,파출소,17535,경기도 안성시 금광면 금광리 93-5번지,경기도 안성시 금광면 금광초교길 38,37.0009669458,127.3227268473
안성시,원곡,경기남부청,안성,파출소,17556,경기도 안성시 원곡면 외가천리 267-4번지,경기도 안성시 원곡면 가천중앙1길 44,37.0391573244,127.1292543243
안성시,일죽,경기남부청,안성,파출소,17529,경기도 안성시 일죽면 송천리 20-6번지,경기도 안성시 일죽면 주래본죽로 28,37.0935727589,127.4775513079
안성시,중앙,경기남부청,안성,지구대,17578,경기도 안성시 석정동 256-2번지,경기도 안성시 석정1길 15,37.0094409868,127.2619548743
안양시,인덕원,경기남부청,안양동안,지구대,13930,경기도 안양시 동안구 관양동 1730번지,경기도 안양시 동안구 동편로 190,37.4060767594,126.9700822389
안양시,호계,경기남부청,안양동안,파출소,14123,경기도 안양시 동안구 호계동 1006-9번지,경기도 안양시 동안구 경수대로508번길 17,37.3681405668,126.9588436509
안양시,평안,경기남부청,안양동안,파출소,14068,경기도 안양시 동안구 평촌동 896-5번지,경기도 안양시 동안구 관평로138번길 43,37.3903614783,126.9644768097
안양시,명학,경기남부청,안양만안,지구대,14033,경기도 안양시 만안구 안양동 441-1번지,경기도 안양시 만안구 안양로170번길 20,37.3895256277,126.9304764679
안양시,갈산,경기남부청,안양동안,지구대,14106,경기도 안양시 동안구 호계동 1118-1번지,경기도 안양시 동안구 흥안대로223번길 30-1,37.3762251619,126.9662001287
안양시,석수,경기남부청,안양만안,지구대,13958,경기도 안양시 만안구 안양동 42-17번지,경기도 안양시 만안구 경수대로 1161,37.4146376941,126.9183656320
안양시,안양,경기남부청,안양만안,지구대,13992,경기도 안양시 만안구 안양동 88-1번지,경기도 안양시 만안구 만안로 232,37.4049710741,126.9200367829
안양시,범계,경기남부청,안양동안,파출소,14072,경기도 안양시 동안구 호계동 1051-2번지,경기도 안양시 동안구 평촌대로217번길 57,37.3898074885,126.9527896368
안양시,비산,경기남부청,안양동안,지구대,13922,경기도 안양시 동안구 비산동 459-57번지,경기도 안양시 동안구 관악대로 125,37.3990265896,126.9379211101
안양시,박달,경기남부청,안양만안,지구대,14008,경기도 안양시 만안구 박달동 94-136번지,경기도 안양시 만안구 박달로 492,37.4022762961,126.9070967163
양주시,고읍,경기북부청,양주,파출소,11493,경기도 양주시 만송동 695-3번지,경기도 양주시 고읍로 83,37.7964221513,127.0807578428
양주시,주내,경기북부청,양주,파출소,11496,경기도 양주시 마전동 163-3번지,경기도 양주시 부흥로 1613,37.7790676596,127.0512606332
양주시,장흥,경기북부청,양주,파출소,11520,경기도 양주시 장흥면 일영리 139-4번지,경기도 양주시 장흥면 호국로 179,37.7169854230,126.9407747826
양주시,광적,경기북부청,양주,파출소,11419,경기도 양주시 광적면 가납리 741-2번지,경기도 양주시 광적면 가래비길 54,37.8233128812,126.9861062201
양주시,백석,경기북부청,양주,파출소,11504,경기도 양주시 백석읍 오산리 36-5번지,경기도 양주시 백석읍 꿈나무로 142,37.7964201979,126.9904608234
양주시,덕계,경기북부청,양주,파출소,11442,경기도 양주시 덕계동 681-31번지,경기도 양주시 평화로 1427,37.8181979557,127.0456757143
양주시,은현,경기북부청,양주,파출소,11427,경기도 양주시 은현면 선암리 336-3번지,경기도 양주시 은현면 은현로55번길 6,37.8740261913,127.0233174910
양주시,남면,경기북부청,양주,파출소,11404,경기도 양주시 남면 신산리 285-183번지,경기도 양주시 남면 개나리길 50,37.8951873811,126.9740956373
양주시,회천,경기북부청,양주,지구대,11451,경기도 양주시 덕정동 206-3번지,경기도 양주시 회정로 133,37.8375850522,127.0679527768
양평군,강하,경기남부청,양평,파출소,12574,경기도 양평군 강하면 운심리 34-4번지,경기도 양평군 강하면 운심길 46,37.4958274451,127.4111286450
양평군,개군,경기남부청,양평,파출소,12568,경기도 양평군 개군면 하자포리 223-1번지,경기도 양평군 개군면 하자포길 25,37.4252876637,127.5378642988
양평군,지평,경기남부청,양평,파출소,12541,경기도 양평군 지평면 지평리 539번지,경기도 양평군 지평면 지평의병로 91,37.4752483575,127.6361320716
양평군,단월,경기남부청,양평,파출소,12529,경기도 양평군 단월면 보룡리 92-1번지,경기도 양평군 단월면 재인동길 2-6,37.5328533440,127.6742929623
양평군,옥천,경기남부청,양평,파출소,12507,경기도 양평군 옥천면 옥천리 746-2번지,경기도 양평군 옥천면 옥천길 27,37.5183563353,127.4568705650
양평군,청운,경기남부청,양평,파출소,12530,경기도 양평군 청운면 용두리 659-3번지,경기도 양평군 청운면 용두로 140,37.5541047579,127.7087054418
양평군,용문,경기남부청,양평,파출소,12521,경기도 양평군 용문면 다문리 720-1번지,경기도 양평군 용문면 용문로 351,37.4840589981,127.5928018123
양평군,서종,경기남부청,양평,파출소,12503,경기도 양평군 서종면 문호리 779-2번지,경기도 양평군 서종면 무내미길 45,37.6032068306,127.3519561400
양평군,양서,경기남부청,양평,파출소,12585,경기도 양평군 양서면 양수리 559-6번지,경기도 양평군 양서면 양수로152번길 6,37.5447626439,127.3191853265
양평군,양근,경기남부청,양평,파출소,12555,경기도 양평군 양평읍 양근리 280번지,경기도 양평군 양평읍 해오름길 11,37.4881114703,127.4904838281
양평군,양동,경기남부청,양평,파출소,12539,경기도 양평군 양동면 쌍학리 228-5번지,경기도 양평군 양동면 학둔지아래길 72,37.4204249783,127.7528950340
양평군,강상,경기남부청,양평,파출소,12572,경기도 양평군 강상면 교평리 449-7번지,경기도 양평군 강상면 양평대교길 91,37.4821606318,127.4849504383
여주시,홍문,경기남부청,여주,지구대,12622,경기도 여주시 홍문동 15-2번지,경기도 여주시 세종로 2,37.2974962617,127.6368043796
여주시,산북,경기남부청,여주,파출소,12603,경기도 여주시 산북면 상품리 27-6번지,경기도 여주시 산북면 금품1로 2,37.4047283307,127.4436247986
여주시,가남,경기남부청,여주,파출소,12662,경기도 여주시 가남읍 태평리 176번지,경기도 여주시 가남읍 태평2길 23,37.2037037739,127.5453979690
여주시,능서,경기남부청,여주,파출소,12641,경기도 여주시 능서면 번도리 499-39번지,경기도 여주시 능서면 마장로 61,37.2991588235,127.5720572057
여주시,금사,경기남부청,여주,파출소,12604,경기도 여주시 금사면 이포리 198번지,경기도 여주시 금사면 이포로 41,37.3930667638,127.5341458278
여주시,대신,경기남부청,여주,파출소,12610,경기도 여주시 대신면 율촌리 283-2번지,경기도 여주시 대신면 여양로 1436,37.3750162994,127.5883114782
여주시,북내,경기남부청,여주,파출소,12613,경기도 여주시 북내면 당우리 161-1번지,경기도 여주시 북내면 여양2로 300,37.3293252644,127.6797438945
여주시,흥천,경기남부청,여주,파출소,12607,경기도 여주시 흥천면 효지리 376-23번지,경기도 여주시 흥천면 효자로 144,37.3326255078,127.5425323677
여주시,점동,경기남부청,여주,파출소,12667,경기도 여주시 점동면 청안리 128-2번지,경기도 여주시 점동면 청안로 118,37.2049523591,127.6616674147
여주시,강천,경기남부청,여주,파출소,12616,경기도 여주시 강천면 간매리 313번지,경기도 여주시 강천면 강문로 566,37.2735863939,127.7109939243
연천군,군남,경기북부청,연천,파출소,11006,경기도 연천군 군남면 삼거리 400-16번지,경기도 연천군 군남면 군남로 413-6,38.0844996875,127.0187026330
연천군,백학,경기북부청,연천,파출소,11048,경기도 연천군 백학면 두일리 370번지,경기도 연천군 백학면 청정로 532-1,38.0296407981,126.9178803379
연천군,청산,경기북부청,연천,파출소,11023,경기도 연천군 청산면 초성리 187-7번지,경기도 연천군 청산면 평화로 229,37.9939582965,127.0697527447
연천군,왕징,경기북부청,연천,파출소,11044,경기도 연천군 왕징면 무등리 17-2번지,경기도 연천군 왕징면 왕산로28번길 3,38.0571398208,127.0130339314
연천군,신서,경기북부청,연천,파출소,11000,경기도 연천군 신서면 도신리 285-11번지,경기도 연천군 신서면 연신로 1153,38.1846791657,127.1070558483
연천군,연천,경기북부청,연천,파출소,11012,경기도 연천군 연천읍 차탄리 649번지,경기도 연천군 연천읍 문화로 67-1,38.0995583039,127.0772820209
연천군,전곡,경기북부청,연천,파출소,11031,경기도 연천군 전곡읍 전곡리 328-40번지,경기도 연천군 전곡읍 선사로 410,38.0254520957,127.0734714154
오산시,중앙,경기남부청,화성동부,파출소,18137,경기도 오산시 오산동 903-3번지,경기도 오산시 역광장로 70,37.1466666635,127.0679190407
오산시,궐동,경기남부청,화성동부,파출소,18115,경기도 오산시 궐동 13-7번지,경기도 오산시 오산로 371,37.1596427041,127.0661176308
오산시,오산,경기남부청,화성동부,지구대,18139,경기도 오산시 원동 813-13번지,경기도 오산시 운암로 11,37.1472837251,127.0759226347
오산시,세교,경기남부청,화성동부,파출소,18106,경기도 오산시 세교동 617-2번지,경기도 오산시 세마역로 5,37.1809981739,127.0439736363
용인시,포곡,경기남부청,용인동부,파출소,17028,경기도 용인시 처인구 포곡읍 삼계리 561-5번지,경기도 용인시 처인구 포곡읍 포곡로278번길 3,37.2792936364,127.2320378352
용인시,상현,경기남부청,용인서부,지구대,16859,경기도 용인시 수지구 상현동 197-3번지,경기도 용인시 수지구 심곡로 7,37.3060914126,127.0754668255
용인시,백암,경기남부청,용인동부,파출소,17178,경기도 용인시 처인구 백암면 백암리 459-3번지,경기도 용인시 처인구 백암면 백암로201번길 9,37.1644220875,127.3738863537
용인시,동부,경기남부청,용인동부,파출소,17154,경기도 용인시 처인구 마평동 858-5번지,경기도 용인시 처인구 경안천로 16,37.2345519686,127.2106490060
용인시,보라,경기남부청,용인동부,파출소,17080,경기도 용인시 기흥구 보라동 609-2번지,경기도 용인시 기흥구 한보라1로 42-3,37.2512929124,127.1087441230
용인시,보정,경기남부청,용인서부,지구대,16900,경기도 용인시 기흥구 보정동 1255-3번지,경기도 용인시 기흥구 보정로 110,37.3194040213,127.1157101074
용인시,구성,경기남부청,용인서부,파출소,16919,경기도 용인시 기흥구 언남동 375-3번지,경기도 용인시 기흥구 구성로 68,37.2946248403,127.1168234486
용인시,중앙,경기남부청,용인동부,지구대,17049,경기도 용인시 처인구 김량장동 328-2번지,경기도 용인시 처인구 금령로 18,37.2345462011,127.1981516550
용인시,구갈,경기남부청,용인동부,지구대,16962,경기도 용인시 기흥구 신갈동 164-3번지,경기도 용인시 기흥구 관곡로 41,37.2831787050,127.1105253086
용인시,고매,경기남부청,용인동부,파출소,17102,경기도 용인시 기흥구 고매동 산80-2번지,경기도 용인시 기흥구 동탄기흥로 715,37.2231619803,127.0989698231
용인시,모현,경기남부청,용인동부,파출소,17035,경기도 용인시 처인구 모현읍 왕산리 805-1번지,경기도 용인시 처인구 모현읍 백옥대로 2372,37.3352029018,127.2495059575
용인시,남사,경기남부청,용인동부,파출소,17118,경기도 용인시 처인구 남사면 봉무리 664-4번지,경기도 용인시 처인구 남사면 처인성로185번길 13,37.1137049633,127.1499675819
용인시,이동,경기남부청,용인동부,파출소,17136,경기도 용인시 처인구 이동읍 송전리 682-3번지,경기도 용인시 처인구 이동읍 경기동로 688,37.1396153765,127.1964892982
용인시,원삼,경기남부청,용인동부,파출소,17168,경기도 용인시 처인구 원삼면 고당리 71-6번지,경기도 용인시 처인구 원삼면 고당로15번길 1,37.1648361575,127.3111440864
용인시,동백,경기남부청,용인동부,파출소,17004,경기도 용인시 기흥구 중동 872-2번지,경기도 용인시 기흥구 동백6로 37,37.2774349369,127.1553820013
용인시,상갈,경기남부청,용인동부,파출소,17064,경기도 용인시 기흥구 신갈동 68-2번지,경기도 용인시 기흥구 중부대로 380,37.2715476743,127.1091670800
용인시,흥덕,경기남부청,용인동부,파출소,16955,경기도 용인시 기흥구 흥덕2로 8번길 1,,,
용인시,수지,경기남부청,용인서부,지구대,16833,경기도 용인시 수지구 풍덕천동 77-1번지,경기도 용인시 수지구 풍덕천로190번길 18,37.3248675650,127.1018859304
용인시,양지,경기남부청,용인동부,파출소,17158,경기도 용인시 처인구 양지면 양지리 445-3번지,경기도 용인시 처인구 양지면 양지로 165,37.2342497833,127.2867812651
의왕시,부곡,경기남부청,의왕,파출소,16082,경기도 의왕시 삼동 460-95번지,경기도 의왕시 한백이길 3,37.3222836971,126.9488970350
의왕시,의왕,경기남부청,의왕,지구대,16053,경기도 의왕시 오전동 839-8번지,경기도 의왕시 경수대로 352,37.3567818267,126.9679816972
의왕시,청계,경기남부청,의왕,파출소,16009,경기도 의왕시 청계동 992번지,경기도 의왕시 안양판교로 227,37.3894214765,126.9963663782
의왕시,내손,경기남부청,의왕,파출소,16039,경기도 의왕시 내손동 759번지,경기도 의왕시 갈미로 77,37.3786694763,126.9757281690
의정부시,가능,경기북부청,의정부,지구대,11660,경기도 의정부시 가능동 238-6번지,경기도 의정부시 호국로 1171,37.7432336326,127.0337649242
의정부시,금오,경기북부청,의정부,지구대,11779,경기도 의정부시 신곡동 804-1번지,경기도 의정부시 추동로108번길 1,37.7475452145,127.0662853832
의정부시,송산,경기북부청,의정부,파출소,11809,경기도 의정부시 민락동 743-1번지,경기도 의정부시 용민로 119,37.7399078984,127.0901264652
의정부시,신곡,경기북부청,의정부,지구대,11698,경기도 의정부시 의정부동 368번지,경기도 의정부시 경의로 119,37.7333180670,127.0491775598
의정부시,호원,경기북부청,의정부,파출소,11714,경기도 의정부시 호원동 465-3번지,경기도 의정부시 평화로 159,37.7059654572,127.0478451028
이천시,백사,경기남부청,이천,파출소,17312,경기도 이천시 백사면 현방리 99-38번지,경기도 이천시 백사면 현방로 62,37.3384618884,127.4911736050
이천시,장호원,경기남부청,이천,파출소,17420,경기도 이천시 장호원읍 장호원리 99-4번지,경기도 이천시 장호원읍 장감로 70,37.1167668246,127.6304451878
이천시,증포,경기남부청,이천,파출소,17348,경기도 이천시 증포동 157-4번지,경기도 이천시 갈산로 19,37.2894635274,127.4552098485
이천시,아미,경기남부청,이천,파출소,17332,경기도 이천시 부발읍 아미리 1076번지,경기도 이천시 부발읍 경충대로 2154,37.2572734185,127.4862867165
이천시,신둔,경기남부청,이천,파출소,17303,경기도 이천시 신둔면 수광리 271-2번지,경기도 이천시 신둔면 경충대로 3162,37.3086289513,127.4024101733
이천시,대월,경기남부청,이천,파출소,17343,경기도 이천시 대월면 초지리 310-2번지,경기도 이천시 대월면 대월로803번길 64,37.2246128906,127.4946527188
이천시,설성,경기남부청,이천,파출소,17411,경기도 이천시 설성면 금당리 126-5번지,경기도 이천시 설성면 설장로17번길 6-1,37.1326217554,127.5211221613
이천시,율면,경기남부청,이천,파출소,17423,경기도 이천시 율면 고당리 247-12번지,경기도 이천시 율면 고당로 144,37.0954107725,127.5468183864
이천시,모가,경기남부청,이천,파출소,17408,경기도 이천시 모가면 진가리 114-26번지,경기도 이천시 모가면 진상미로 1303,37.1721506301,127.4802717629
이천시,창전,경기남부청,이천,지구대,17365,경기도 이천시 창전동 152-19번지,경기도 이천시 영창로 171,37.2816578720,127.4415981542
이천시,부발,경기남부청,이천,파출소,17324,경기도 이천시 부발읍 무촌리 195-3번지,경기도 이천시 부발읍 무촌로 167-5,37.2868792280,127.4889005226
이천시,마장,경기남부청,이천,파출소,17387,경기도 이천시 마장면 오천리 59-12번지,경기도 이천시 마장면 오천로 101,37.2490802195,127.3571913966
이천시,호법,경기남부청,이천,파출소,17394,경기도 이천시 호법면 후안리 265-1번지,경기도 이천시 호법면 이섭대천로 547,37.2240863968,127.4281605069
파주시,파평,경기북부청,파주,파출소,10801,경기도 파주시 파평면 금파리 303-1번지,경기도 파주시 파평면 청송로 198,37.9224840938,126.8397222492
파주시,조리,경기북부청,파주,파출소,10937,경기도 파주시 조리읍 봉일천리 160-72번지,경기도 파주시 조리읍 봉천로 55,37.7437571527,126.8055107819
파주시,법원,경기북부청,파주,파출소,10826,경기도 파주시 법원읍 법원리 449-9번지,경기도 파주시 법원읍 사임당로905번길 40,37.8489445761,126.8797759594
파주시,교하,경기북부청,파주,파출소,10867,경기도 파주시 교하동 산16-4번지,경기도 파주시 교하로 1431-2,37.7521481672,126.7504893849
파주시,운정1,경기북부청,파주,파출소,10902,경기도 파주시 동패동 1895번지,경기도 파주시 한울로 55-1,37.7115155156,126.7383564764
파주시,적성,경기북부청,파주,파출소,10803,경기도 파주시 적성면 마지리 48-2번지,경기도 파주시 적성면 청송로 1003,37.9532873715,126.9169330081
파주시,파주,경기북부청,파주,파출소,10835,경기도 파주시 파주읍 파주리 431-1번지,경기도 파주시 파주읍 향교말길 26,37.8328596572,126.8158151758
파주시,운정2,경기북부청,파주,파출소,10893,경기도 파주시 목동동 657번지,경기도 파주시 해솔로 84,37.7281194302,126.7461810701
파주시,문산,경기북부청,파주,파출소,10823,경기도 파주시 문산읍 문산리 31-3번지,경기도 파주시 문산읍 개포래로 50-4,37.8538584832,126.7833104956
파주시,금촌,경기북부청,파주,지구대,10930,경기도 파주시 아동동 356-3번지,경기도 파주시 새꽃로 212,37.7656690228,126.7758767861
파주시,광탄,경기북부청,파주,파출소,10948,경기도 파주시 광탄면 신산리 221-12번지,경기도 파주시 광탄면 동거리길 25-7,37.7813913960,126.8488076119
파주시,탄현,경기북부청,파주,파출소,10858,경기도 파주시 탄현면 축현리 492-3번지,경기도 파주시 탄현면 방촌로 669,37.8038343482,126.7183267469
파주시,월롱,경기북부청,파주,파출소,10946,경기도 파주시 월롱면 위전리 430-5번지,경기도 파주시 월롱면 휴암로 3,37.7955816624,126.7910105783
평택시,서정,경기남부청,평택,지구대,17779,경기도 평택시 서정동 332-35번지,경기도 평택시 서정역로 34,37.0570447301,127.0560376208
평택시,서탄,경기남부청,평택,파출소,17704,경기도 평택시 서탄면 금암리 251-2번지,경기도 평택시 서탄면 서탄로 280,37.1080344116,127.0338427110
평택시,만호,경기남부청,평택,파출소,17959,경기도 평택시 포승읍 만호리 578-8번지,경기도 평택시 포승읍 평택항로 170,36.9741598754,126.8437230361
평택시,청북,경기남부청,평택,파출소,17812,경기도 평택시 청북읍 현곡리 291-7번지,경기도 평택시 청북읍 신포길 38,37.0394570137,126.9341822915
평택시,안중,경기남부청,평택,파출소,17937,경기도 평택시 안중읍 현화리 823-3번지,경기도 평택시 안중읍 현화중앙길 71,36.9849968156,126.9205505767
평택시,송탄,경기남부청,평택,파출소,17753,경기도 평택시 신장동 211-7번지,경기도 평택시 탄현로 331,37.0817067457,127.0559761062
평택시,비전,경기남부청,평택,파출소,17887,경기도 평택시 비전동 819-1번지,경기도 평택시 평택5로 189,36.9962195844,127.1029187092
평택시,오성,경기남부청,평택,파출소,17819,경기도 평택시 오성면 숙성리 35-3번지,경기도 평택시 오성면 숙성시장길 71,37.0088754322,126.9855454225
평택시,신장,경기남부청,평택,파출소,17767,경기도 평택시 신장동 263-141번지,경기도 평택시 신서로 65,37.0723197533,127.0512241801
평택시,현덕,경기남부청,평택,파출소,17946,경기도 평택시 현덕면 도대리 17-107번지,경기도 평택시 현덕면 안현로 144,36.9646852732,126.9186298143
평택시,고덕,경기남부청,평택,파출소,17770,경기도 평택시 고덕면 좌교리 384-5번지,경기도 평택시 고덕면 고덕로 297,37.0431521542,127.0189786534
평택시,포승,경기남부청,평택,파출소,17965,경기도 평택시 포승읍 방림리 산73-4번지,경기도 평택시 포승읍 서동대로 1150,36.9822966773,126.8820286948
평택시,평택,경기남부청,평택,지구대,17891,경기도 평택시 통복동 73-1번지,경기도 평택시 중앙1로 23,36.9982693569,127.0855647599
평택시,팽성,경기남부청,평택,파출소,17990,경기도 평택시 팽성읍 객사리 47-3번지,경기도 평택시 팽성읍 동서촌로 93,36.9646371548,127.0624525287
평택시,진위,경기남부청,평택,파출소,17714,경기도 평택시 진위면 하북리 143-1번지,경기도 평택시 진위면 경기대로 1856,37.1100593243,127.0635337630
포천시,화현,경기북부청,포천,파출소,11123,경기도 포천시 화현면 화현리 810-19번지,경기도 포천시 화현면 화동로 327,37.8969745069,127.3014610397
포천시,영중,경기북부청,포천,파출소,11129,경기도 포천시 영중면 양문리 847-7번지,경기도 포천시 영중면 양문로 109,38.0025436481,127.2427636233
포천시,신북,경기북부청,포천,파출소,11139,경기도 포천시 신북면 기지리 893-2번지,경기도 포천시 신북면 호국로 2059,37.9333311977,127.2264090448
포천시,이동,경기북부청,포천,파출소,11111,경기도 포천시 이동면 장암리 219-2번지,경기도 포천시 이동면 화동로 2078,38.0330919210,127.3663104744
포천시,내촌,경기북부청,포천,파출소,11189,경기도 포천시 내촌면 내리 389-3번지,경기도 포천시 내촌면 내촌로 62,37.7854048978,127.2272455935
포천시,군내,경기북부청,포천,파출소,11152,경기도 포천시 군내면 구읍리 214-3번지,경기도 포천시 군내면 청군로 3280,37.8875254089,127.2181311803
포천시,소흘,경기북부청,포천,지구대,11175,경기도 포천시 소흘읍 송우리 726-75번지,경기도 포천시 소흘읍 태봉로 144,37.8304505946,127.1402013613
포천시,영북,경기북부청,포천,파출소,11105,경기도 포천시 영북면 운천리 505-2번지,경기도 포천시 영북면 운천로 4,38.0915848649,127.2738210413
포천시,가산,경기북부청,포천,파출소,11164,경기도 포천시 가산면 마산리 425-1번지,경기도 포천시 가산면 가산로309번길 13,37.8462560094,127.1846085116
포천시,관인,경기북부청,포천,파출소,11101,경기도 포천시 관인면 탄동리 664-2번지,경기도 포천시 관인면 관인로 15,38.1572485356,127.2504803211
포천시,일동,경기북부청,포천,파출소,11120,경기도 포천시 일동면 기산리 285-6번지,경기도 포천시 일동면 화동로 1023,37.9550743201,127.3156456821
포천시,창수,경기북부청,포천,파출소,11134,경기도 포천시 창수면 주원리 249-2번지,경기도 포천시 창수면 메치골로 174,37.9909016595,127.1892677658
포천시,포천,경기북부청,포천,파출소,11149,경기도 포천시 신읍동 106-22번지,경기도 포천시 원모루로1길 32,37.8925548230,127.1960794448
포천시,선단,경기북부청,포천,파출소,11160,경기도 포천시 선단동 834-2번지,경기도 포천시 송선로 279,37.8571152001,127.1503071717
하남시,덕풍,경기남부청,하남,지구대,12932,경기도 하남시 덕풍동 225-5,경기도 하남시 덕풍로81번길 13,37.5511503976,127.2041688453
하남시,하남,경기남부청,하남,지구대,12962,경기도 하남시 천현동 194-14번지,경기도 하남시 신장로 66,37.5355708982,127.2102252948
하남시,서부,경기남부청,하남,파출소,12990,경기도 하남시 감북동 327번지,경기도 하남시 감북로 43,37.5160671061,127.1620986877
하남시,창우,경기남부청,하남,파출소,12954,경기도 하남시 창우동 520-3번지,경기도 하남시 대청로 114,37.5391845267,127.2247294236
하남시,미사,경기남부청,하남,파출소,12910,경기도 하남시 망월동 952-1번지,경기도 하남시 아리수로 567,37.5675086848,127.1898943401
화성시,매송,경기남부청,화성서부,파출소,18287,경기도 화성시 매송면 어천리 426-1번지,경기도 화성시 매송면 화성로 2249,37.2498455955,126.9118999761
화성시,비봉,경기남부청,화성서부,파출소,18284,경기도 화성시 비봉면 양노리 255-3번지,경기도 화성시 비봉면 양노로 118,37.2368268260,126.8742646748
화성시,송산,경기남부청,화성서부,파출소,18550,경기도 화성시 송산면 사강리 638-1번지,경기도 화성시 송산면 송산포도로 98,37.2141018492,126.7380863975
화성시,우정,경기남부청,화성서부,파출소,18567,경기도 화성시 우정읍 조암리 265-3번지,경기도 화성시 우정읍 조암남로 31,37.0840621678,126.8184696440
화성시,발안,경기남부청,화성서부,파출소,18593,경기도 화성시 향남읍 평리 106-6번지,경기도 화성시 향남읍 3.1만세로 1096,37.1315264354,126.9073827794
화성시,동탄,경기남부청,화성동부,지구대,18460,경기도 화성시 석우동 59-1번지,경기도 화성시 노작로 226-1,37.2072742719,127.0773096677
화성시,마도,경기남부청,화성서부,파출소,18537,경기도 화성시 마도면 석교리 228-2번지,경기도 화성시 마도면 석교로 179,37.2061852467,126.7743866667
화성시,팔탄,경기남부청,화성서부,파출소,18527,경기도 화성시 팔탄면 구장리 529-5번지,경기도 화성시 팔탄면 서촌길 9,37.1603835439,126.9032148003
화성시,서신,경기남부청,화성서부,파출소,18555,경기도 화성시 서신면 매화리 351-3번지,경기도 화성시 서신면 매화1길 31,37.1701081927,126.7055876588
화성시,봉담,경기남부청,화성서부,파출소,18321,경기도 화성시 봉담읍 와우리 214-1번지,경기도 화성시 봉담읍 와우로15번길 17,37.2165468759,126.9705137452
화성시,남양,경기남부청,화성서부,파출소,18258,경기도 화성시 남양읍 남양리 651-8번지,경기도 화성시 남양읍 남양시장로 47,37.2089320755,126.8146064198
화성시,동탄2,경기남부청,화성동부,파출소,18472,경기도 화성시 영천동 668-1번지,경기도 화성시 동탄영천로 70,37.2089396516,127.1037507728
화성시,안용,경기남부청,화성동부,파출소,18362,경기도 화성시 안녕동 22번지,경기도 화성시 용주로32번길 4,37.2057474052,127.0132793437
화성시,양감,경기남부청,화성서부,파출소,18634,경기도 화성시 양감면 신왕리 678-5번지,경기도 화성시 양감면 은행나무로 263,37.0814791443,126.9448171612
화성시,태안,경기남부청,화성동부,지구대,18390,경기도 화성시 진안동 525-30번지,경기도 화성시 떡전골로 112-2,37.2083029182,127.0332527661
화성시,정남,경기남부청,화성동부,파출소,18516,경기도 화성시 정남면 괘랑리 921-1번지,경기도 화성시 정남면 만년로 582,37.1729394466,126.9839316122

